-- phpMyAdmin SQL Dump
-- version 5.1.1
-- https://www.phpmyadmin.net/
--
-- Host: localhost
-- Generation Time: Apr 14, 2023 at 01:33 AM
-- Server version: 10.4.21-MariaDB
-- PHP Version: 7.4.27

SET SQL_MODE = "NO_AUTO_VALUE_ON_ZERO";
START TRANSACTION;
SET time_zone = "+00:00";


/*!40101 SET @OLD_CHARACTER_SET_CLIENT=@@CHARACTER_SET_CLIENT */;
/*!40101 SET @OLD_CHARACTER_SET_RESULTS=@@CHARACTER_SET_RESULTS */;
/*!40101 SET @OLD_COLLATION_CONNECTION=@@COLLATION_CONNECTION */;
/*!40101 SET NAMES utf8mb4 */;

--
-- Database: `ITP4511_Project`
--

-- --------------------------------------------------------

--
-- Table structure for table `booking`
--

CREATE TABLE `booking` (
  `BkingID` int(11) NOT NULL,
  `VenueID` int(11) NOT NULL,
  `MemberID` int(10) NOT NULL,
  `Guest` int(11) NOT NULL,
  `Fee` int(20) NOT NULL,
  `BkDate` date NOT NULL,
  `BkTime` time NOT NULL,
  `Hour` int(10) NOT NULL,
  `RequestState` varchar(20) NOT NULL DEFAULT 'processing',
  `CheckState` varchar(20) NOT NULL DEFAULT 'waiting'
) ENGINE=InnoDB DEFAULT CHARSET=utf8mb4;

-- --------------------------------------------------------

--
-- Table structure for table `bookingFee`
--

CREATE TABLE `bookingFee` (
  `FeeID` int(5) NOT NULL,
  `Year` year(4) NOT NULL,
  `VenueID` int(5) NOT NULL,
  `Fee` int(20) NOT NULL
) ENGINE=InnoDB DEFAULT CHARSET=utf8mb4;

--
-- Dumping data for table `bookingFee`
--

INSERT INTO `bookingFee` (`FeeID`, `Year`, `VenueID`, `Fee`) VALUES
(10001, 2022, 10001, 200),
(10002, 2022, 10004, 250),
(10003, 2023, 10005, 230),
(10004, 2023, 10001, 100),
(10005, 2023, 10002, 150),
(10006, 2023, 10003, 110),
(10007, 2023, 10004, 125);

-- --------------------------------------------------------

--
-- Table structure for table `guest`
--

CREATE TABLE `guest` (
  `GuestID` int(5) NOT NULL,
  `BkingID` int(11) NOT NULL,
  `Name` varchar(50) NOT NULL,
  `Email` varchar(50) NOT NULL
) ENGINE=InnoDB DEFAULT CHARSET=utf8mb4;

-- --------------------------------------------------------

--
-- Table structure for table `management`
--

CREATE TABLE `management` (
  `MID` varchar(20) NOT NULL,
  `role` varchar(20) NOT NULL
) ENGINE=InnoDB DEFAULT CHARSET=utf8mb4;

--
-- Dumping data for table `management`
--

INSERT INTO `management` (`MID`, `role`) VALUES
('M001', 'Manager'),
('M002', 'Member'),
('M003', 'Staff');

-- --------------------------------------------------------

--
-- Table structure for table `user`
--

CREATE TABLE `user` (
  `UID` int(30) NOT NULL,
  `Name` varchar(30) NOT NULL,
  `Password` varchar(30) NOT NULL,
  `email` varchar(30) NOT NULL,
  `PhoneNum` int(10) NOT NULL,
  `role` varchar(20) DEFAULT NULL
) ENGINE=InnoDB DEFAULT CHARSET=utf8mb4;

--
-- Dumping data for table `user`
--

INSERT INTO `user` (`UID`, `Name`, `Password`, `email`, `PhoneNum`, `role`) VALUES
(2, 'Peter', '12345678', 'Peter@gmail.com', 12345623, 'Member'),
(3, 'Dan', '12345678', 'Dan@gmail.com', 1234231, 'Manager'),
(3127, 'Ken', '12345678', '21321312', 213123, 'Staff');

-- --------------------------------------------------------

--
-- Table structure for table `venue`
--

CREATE TABLE `venue` (
  `VenueID` int(5) NOT NULL,
  `VenueName` varchar(50) NOT NULL,
  `Img` mediumblob DEFAULT NULL,
  `VenueType` varchar(50) NOT NULL,
  `Capacity` int(5) NOT NULL,
  `Location` varchar(50) NOT NULL,
  `VenueDesc` varchar(50) NOT NULL,
  `VenuePerson` varchar(50) NOT NULL,
  `State` varchar(20) NOT NULL DEFAULT 'Open'
) ENGINE=InnoDB DEFAULT CHARSET=utf8mb4;

--
-- Dumping data for table `venue`
--

INSERT INTO `venue` (`VenueID`, `VenueName`, `Img`, `VenueType`, `Capacity`, `Location`, `VenueDesc`, `VenuePerson`, `State`) VALUES
(10001, 'Tuen Mun ', 0xffd8ffe000104a46494600010100000100010000ffdb0084000906071414131614131416161618181b191919181a1819221917191e1b1e1b191a1922212a221b1b271c1819233323272b2d3030301821363b362e3a2a2f302d010b0b0b0f0e0f1c11111c312822283a2f2f312f2f2f322f302d2f2f2f312f322f3a2f2f3a2f2f2f382f302f312f2f2f2f2f2f2f2f2f2f312f2f2f2f2f2f312f2fffc000110800ae012203012200021101031101ffc4001c0000010501010100000000000000000000050102030406000708ffc4004310000201020403050604050204050500000102110003041221310541511322617181063291a1b1f04252c1d1142362e1f17282071592a216243343d21753637393ffc4001a010002030101000000000000000000000002040001030506ffc4003111000104010302050303040301000000000100020311210412314151051322617181a1b11491f03252c1d12362e133ffda000c03010002110311003f00f414b83a52e71d29325285a7f091b29430e87e356f0f86ce240f8f3aaa1688601888ef69d3a503cd0c23664e52dbe17d4c78558c3e0141d60d4e3c0fc69d6cc0a5cbdc56e18d0a6550361148bad30dcd34d6ab3e3e2868947602b6eb505e45aaadc43c6a3fe24379d1069425c159ec177a54c3861d2ab5a569d2addbbdcb49a8540a26c08fcd513a81b54d7ae1135596f0e62ac0255120296dd95209354f1523bbcaad9baa069ad51bd70b19dab46036b37914ab452d4996942d6f6b0482e1d8d4452a7cb5d96a810143955f25265a5c75fecd19f23be5139506663e0073af36e2bed7dd68b82cba43182594658995d09d743a1deb3927d9584e69747e7d92e000fafd97a3e4aec9543d98e2376fd85bb76d1b44ed2548753a87104c023ac5162b5a87d8b49bd9b490abe4a429560ad264a2b434ab64a42956725214abdcaa955294852ad64a2185e1cb9733f3d86d42e90345956d8cb8e103294c2947b13c3d02f766634d79d0d38733156d94394746e6aa0529a52afdcc311b8a8c26bb5187f640587aaa59293255d6593ad37b2a9bd56c5041e95d56329e95d4368e913cb4a12ad7f0c6b8e18d2dbc2636155b2d285ab2b863e029ad688a9bc29b0a6a5c61cce957067224ae9f0f952616c1041234a9315888f1f0acdc41385ab5a40b2aa5c68dcd53b97455c18a0c7503e14b72dda3ac4795418e5439547f8a5e952d9c781b806ac0c1db22413f1a89f0f6c02ccc554449311a98fa9abb6aaa29871f3302a7c2a7e22684f14e3d630ca8492eafee940181db9cef041f5aaf85f6bb0d70160cc00fe962624824850481b6a7f30a1dcde2d4c8e5682e6249db4aae0cf3f3a0ded6712bd670fdae1d16e0fc473c40dbba20cb13a40d7c2bced3dabc4dabc1d6ddb05a04676871246ec002241d7975150cc1aeda02661d209585ee7007a0fbe57af65a4cb4b842cc8a5d32311de590d94f491a1f4a94a56fb9225aa0cb5d96aca61c9a90e14d56f0140c2a9e4a4780092400049274007526a6c6dc4b48d72e36555dcfd00ea49ac76378cadf623b4b79575ecd5d1a3a1783ab73e8394ef58c93868c72b783486576d18f72ad711e246e4aa776df33b17fd557e67c39e7b8f6197b3b40804676311a4042368f1ab1778b5956086e0cc7650aec4f900a686f1be316cbdbb416e1650cc7b8c24100089df633d2907b9cf36e5e8638e1d3ed6348e459f8ee8af00e31d8a8b64773c2749d7ecfd796d30645d5cd6ce61e044fc2bc93fe6d6c36421c340305634331f4357b07ed50c3b060ec358883cfc04c7d3ad6b1ccf6639087c43c3f4d25c90b803d45e0af506b246e2956c13433d9df6c2ce2f30b67bea066520a983b1ca758fb9a3bda0e4229d6ca5c2c2f366300d1510c09ea2a1bd87cbe3573b5d39d46c87a55873af2a16b6b0a0c3a89d6addfbfa40aad9690ad5b86e36a9aeda2942e5ba8a477e95214a4c94400084b8a84ea75269180e95696c489d0531ec11c8fc0d4dc1551a55020d8e83ad12c35a41aaea7a9aa4569248d89a8f05dc1518434e4231fc47952d03d6bab3f2d6be6fb2ad77daab64311042ff5004f3e91b0e44ee3ad06bdedab06008054190c0ee0fbb239813ca3311ca6b098ac6946e40c40953de53b401006fca77a19771e48ef19246da09f5ae7798f3c15bd05e949ff0010994f7914a9d8ea20f4d8efd6895bf6c339116ce8012aa41327607bbb1e835e84ed5e3d6315908991e1cf51b10488a9acf166da4c7e50498f11f71e5441cf1d54a0bdc0fb488a84dcccae04e4cac0b74ca081b99027a1a9f078b77f7e1492320f749046d964b4e87a6db578f9c7b5c552c64e806a24759320cc49e8688e1bda455436dd6db34119c805a328580e0c81a03a19277d09826cc6f2ab6af54c2e212e3154ba18afbc158189dbe953b6067f10f5af32f6630175dbb492a8759208cc5483dd5046620f3db607783a3e398bbea81addc6523ac19800891041913cb9fa56ad9ac5ade1d23a438c7cad49c380347f91ac6fb7f70a9b69da5c0ac1b3aa1001022275907bdd3fb4780ff88042117ed2e700c1430091f8581f77cc4f90ac071fc53de767cfdeb84ef1216799d0120680c72a1924154104903e27ed705cf74c10092a41064c06db7f0dc8f1153f0de16efaab14b5aa932cd24eb91164676f0063998a9b03c110225ec4dec9681eea6754374fe1866202a6fdee9a88913a3b5c4b0fbf6f6240ca025c4ca83f2a8074f12752753c80c01a0b5d3e9fcd755d0eea5b3858001980495524b413bb13b1b879900013000d491fed5e0d49c39234cb7139ef2ac3f5ab838d61f95fb27c9d4feb54bda1e2d61edda0b750b2dd9807f0b2b027c86955926d76b6c518606d5023ef8368b7b29ed1bd902d5d72f6b40b3ba0e93cc6da7c2b7f61d5c0652083b115e2abc42d6ddadb9ff52fef463817b5ab876817ad953ba975dbe3f3faed5ab2673707859788786446e4808f717f85eb41a39eb429f8fd8ed8d937807e86409e818e84f80ac2f15f6cae5c38816997b3640a8ca4100eb3df1a063227fb56031b8963755868c4f73c35d09824e87a7307ce88cb670b814bdbfda8e1d66fa20c4339457d029819c880cc06a6358e5ded8f2c4702f67ad97b93995c767982e5247f2d48990752d34fe23c7eebd940eca722093b4ba8f7b5333048235de699c5715712fde0ac46616c1d06dd9cc6db68379a5a49439f5d135a5639d2068349cfecfc62561dc0ec9dc988653dc1a0e7cf58fc3f1a189e1e0e20cbbcf65981d031caca08d46c44edaea69d8ce217415fe61398b9892232c3723f984ebd7c040dc4db7bd7ed5bcec59dee28963101ce9a98e5f2aa06f84fcba622bd5c9afb2b9c530385fe2110e218ae5939b2486055954b01940dc19da3c6a4f69b83d851695499773a96d72e5d74d20c91ac695dc77d97c3db0ca2edd7b80065554576ca7f3800153208ef1028061ae90ca8cce08cc4069100218d0c81274ad7032ab51a6022dec24f0bd2fd97c05ab2987bfd921636573b0519fbedac3449d59656761a6bbecd71808050483a822208ea2bcf787f1b0a96d4ab655b48a36962a54881a6a72fdf2d3f08c505b7fccb8b2cc5e1412101fc20c6bd49e649a38e66976d1c2e73e2716ee0328dabb1d6001d6b849d227c6a0b78a471dd21a3e5bc48dc6c694dd0264810279683af9533ce4258d83453b4e74e50be27c287e3389d8b5973baae688d75398c031d3c6a55c7233141714b00490082401133d371f1abbf742a6bbe51f0a8f26dc8550e25c72dd9c87decfaca907bbd47232488f5e950e27da2b0b6dae06ed32c68bb927581d606a7a557982ead596a2c6ea81b034c2f3cf2afa6b59db3ed65bb9876ba0f66d9cdb008cc43fe19d368827a508f6438ddc6bb77b5b820402ceda02262248124c8f4f3aaf31bb8053a5adabb03d74a86edf4512ccabb0d48dced4278dfb4096d4766eacedb1041112276af3fc6e30972eeecc49d403fafa7a50bf5018768ca819795eafda7fa7e23f7aeaf34b5ed210000b720000407881b47776aeaafd43556d2b2d89b9987bd3a6e148d44c8076dbaf8f8d0cbb7575892223aebe33b0e753fb3b62e331b7946b2c21d34da468db46bb1d8d10bfc1ee2e6708a5046665748d60c89d63c349f5a5eb6ad904766219988394c4f5e83e5d29884ab6c7c40d0febf62a9e27124c8990483af21a9fd7e55738495b8c2d903391084e8246b13d4e9d6885d2815a1898ef01a1d4eb1afcf5dbe5536158312c2d67d77891f23d7ebbd11c2f01b9257f95330333830d00cf8e90753ce3ad1bff9716b8505f28d28a4a8224391020403a93ac7c26aaad17a7a9443816271a54a5929910e55edb5811b40efac729e73433daeb18d5556bd880ea5ca64b79ada9394c6651123b91acef45b0fc2192e9b46fb332aa5ccce3451aae6044658c9bc8e5b9d287f1e7536fbd7d9c7680ae62f0d94c961cbdd0faf9ed557b4527831fe517b2e82c98c30124b9651a81a8d7973d395477af8619c299d041d20f83799034f1a2d8ae1e7555b8aa24c09d80d949d24c47c29985f6799c2e5b96c4196cd984cce8a1437299f31d28378e495848d95f45c82bde2c42007bc0b348fcaadcfacaef4470081535d6403b6f23ca887fe1fb88c0b5fc3c4ea076c4952492a0767bea7e269c7d9f60e2cb5c4522d8792c3dd2edcfac1150bda700ac44726e0002838b00310a161829120788f4d41a6dd16d4b9d1a06a23cf58e93f4abd7f878b4f6d4ba32e81991ade833968f7a7f16a474a65dc25bcdefa1cc4021410224eba6e3588df4a974b5741286d90401df1d506c85882a37037e84c7c36abf76e87b6080089dc4ef9584ed0399f51d688ff00007b50ac428b67465292ca32c2919e40d18ea3f11d36aa786c01eca5b2c86caa1648556cba0f599264ebbc9350bda7aa02c7006d5ae277db2f788241931ddca768de39c6c77f0ab581796ed24100c2a82ba48d6581d378fd622b6f83e1c8c96dded8739742dd9ed13cc7431ad30e16cabb7fe5fba4240ee0ef02c49d5800355883c8e95899855286270e8b11c56f36616cdc00ccb0607de31a0304fa1034ad371a4637af6504984d84e9d90a7e3b87e1d10ce16e1620c3cda621b583dd7e44f2154f0b07b52d7afa396400db21436fdd68dff16a75d686c120a3d34a229438fbfe131b87de26d96498cc7baac2242a999fea27d23ce8363b19d95fb570fe137e479dcb82b6162c5a371a2fdeecb21062ebf76eea04c1d86874953aef584e27c3aee6b16dfbc42b6688321ae5c2bdf020c88d49eb15a35cd25757f54d76d7006aff00c15e99c0c2dcc303399d8877782c5dd84366e655a401d00007bb20271be1cac244853de079a9ff000608e6083d2a6e0286cdcfe1ed819512d16ef1619ae97cc24fe1193e068ee2c936f3d8caa99a3391999a07bcb3a22f4dc9f856a646b9b4067fc2a8bffa1db963b904f05664d96400265b8742c5411916274040cda8dc6f22a2c2f0fc53e5372e0b40311dccce7291a805763239cd5ec3e2ee8ba15ef3386d3bc1667941007ce8b9ed39ebe94b6ed98a496ae17c2fda4f39fa2096ae62cddb9d986b61961dda073040004b4c1e9d7ca8a8c25c235c4ddd6d764745f777d3bbe9eb530ba79afca9ff00c508d8fa5412bb80692a1a1cea35f541311eccabc06bf74c2e512469ff006f8931e355b0fc01ac977b6f73390520b669431aec236dbfb54bc43da8b60846172d337ba2e2959831a1d41d7c79d3f03c4ca18624af49d4797ed5a9de060ae837c30be3dec7027b2ab89c05d80a57390a00d86809d75e9987c7c2a3e1bc3ef0b92ca546c492a343dd3e63956a53108c255a47a1f4a6975e83e02971290785ce730b4d3b941f887b2f167225fcc14920312002f1987bbd44d67edf006b28cf7ae152fee8569907a8cb04cfd2b6b7b18888588d07d7a560fda0c635eb9310a480353dd804c7f7ad99239c509a4c6c609804858e5f9763ace84d443182336ba0d08d3cb7de60e9e755efdd0a04af7799d35fee066a82c3315126334192200e8bf01b785186aa57071661a6ba7fabf7aea6ff0033f28ffb7f7aeaaa1d944184882140ff006ff6ad758bc3f8562eab394153a8240d7519a26646db56693865d07bd69a07556e8695b11723215ca8396581d7af5a665c8c2cc5859fc4a12c493d37d0e913a0f3a812e152181d54823cc19152dfb404cb4c183a0d491d7cfc2a006adbc235e9582e3d8766b777291ffa6584130d96e25c1b8d01648eb145f0bc616edf0b694dc675035b4860a190492da019bde3b69591ff00871c2ff8ab86d1b6ec8a0bb38202db12a4024820494239fbc74d0d6cf8af11b5695ece1328bbcc4c9b91f95e04c7e581593c8182137a5d2ba67761d4aa5ed263c580cbdb3dd7662cca60a6a490a340f904c0131be9a9ac68e2259c9b864b8607c0e460b039013f0a853b4bf7420ef5c760a2481a930012741af5ad7fff004e08009374b800b101597374006b1fe6adc40195d7d44ac8e3f29bc5521b65e409f0fa0d7efa51ae1e856d2c8fc4fafe65d227ac77b91fdc7fb37c39ee2924b10021005b46d194ee4a93a147e7b2d3317ed376600052e5bced0720272855331a0d49688e507ad2ee8b7601fb2e73754cda011ec89e25886120c6879ea39c7ba06c7e34ee327f9d64e9dfb206bce190e9e30c4fa5037e3772ee42a2d9ccea881ade524b32a9301f619c79ebb51ae23785c7b0220db7b9689d352174602663ba3e34022735cd38ea8a3998266d770b3fc5e02a9d09cc14c6deea19f8b1f8554490e0ea3407a73423ea68a7135b6b01b2b00564093a0422771f8a287bde420774826daa931337108d6797700d7c3d69ad96de57475e6986fb2278d53dbdc204ed11aed94feb56b13c37b1c33b16058b29811dd19d7e711f1aa38ae2233ed709804e54004e513df247854f89b37fb1767b6e88c81816b88d20329f746a27f5ac8c043459ecb8ce941256bb0b8c845805b2a91a418d86bae9562e6318ff00ed3f2fc836e5ef563ec2e2cd84bc9683868202dcef65d791b703c77d6881f6c6ed908310ad6a7ddcc2262034416da46f977a5ff4a48c67e11191a4f28fe171279665de76fdebbd96b5dfba1232e652352375079d0fc17b51699736790abb7748ee9332e25577e6675a19ecc635835e40090cdf844c44f7b4e5ddacbca2c07f0b42c0e2d24ff2912e317d9af655861d9db1a1093df7cda96d48f2a1bc2f85aadf42c406b2aa5442b779ee5c2492a0447844ceb344f84e0c76e3b5868543be92cd7743d4881a788ab962ea8c45e24888b239723f2de8c9230a9cf0e0d6b7804a07c678c5eb37ef3008eaea89b84caa05c92096de0f3f9456a784dfcf8353c880797e863e1597f692c8bb74a0ca25c00dde22485de013f8b9035a30a2cd84b5d140f80de998fba7b48cf4868ef6b3bc7ef65ef0d0a904798d456bb018a5b88ac23500c78c6bf5ac2f1eb9223c7fcd69784db416ad8ef0242cc47343fa8a1987a42dbc558d3b475011c0075f49aa989f74b00b03af4fd3f6f8506f66317da5dc4b7744be41dd3de16b3005883bc11cb9568313697b0f7a4e41a643bc0e734b9690b86d6dacc7b5dc26dddb98556490d761b71dccb2cb236981f0a337782d92345cbfe9d3e5b1f5a9788807136127dd6762482046470358eb144c59e8f6cffbbfb56837102948e47b1c76922bdd001c121832dc7004caf772b4fe6eece9be8454e70468b9c3b720a7c997f714870cff0090f9883f4a121c79085ee73ddb9c6cfbaf3df6a312e9745b3a290089d35d75dfad65b178c86824f300004ccf86df5af5ce25c3c5c58746046aac54f74f5da803fb2384ef075ccedbb3312478ace8a7c6b68de1a32106d585c3615322b8249d3720c73207d2606df0b37ed2052ced0044083dc8d371b786fafad126f67f2e205890ab7336575dd89cce03080221586807b9b6b4371d85745249daf1b4c08eee8b9cb6ba65824cf878cd6b767955496de11204ba4c099999f1d37aea1ffc1fff00963c35d3e75d57b7dd5656a717c6328396046e4c69e92396b59fe23ed0a3e974f69cf710b1b77742799d2b26986bf735546326660ee7c7d6af61fd96c4b1929941e6c40f8999f9559881fea72b2e2555c563ed36d6b2f4ef369b9d893ccfca8a7b19c09312eed798ad9b4033e5dd8b121507498624f453cc88bdc33d8cef77d91a3f08ccd3feed22b4fc37840b62e2264097160c06995f74e7cc44833cb99ab7481ada6ad600cf31bbff00a7aa8388fb4b6ac5a387c228b76a4f756658f367632493e3c80e82b1eb76e5d6ee86277254131e3a55be25c05ad377dc00762cae27ca0104f91a7a5a3d8f676434bb03d0b0b7bb9e4a033409da0f5a1320af95de0e05bff18a1d15f55952ed6eeab02accf948524329248f10bbd6e6c6042fbb9440fea9e7e1fad63b0d89bcd69ad35c4b999194af688cc0c1008d75d7903d6b6386bcc511a1a594182726ba73229592c901ab9d2e9cb1ce321bba208fe74596e0d6d9bb6b4090181b7a332fbb76e74234cb748f09f1a178de146d95194ab1b96d77d39a08f0db59ad160ed64c45f8d06766d37fe62db611af22a75aabed1dd4555b923367060e562401ab6524e62241d4f39a61a24a26f18c2c626b1ce6b0f39cfd50ce30b1881d95e6ed54ab800280a555406d4c66855ee853b0d8015d7ae5f8666373366b7726409b8c81598469989e7e156db832b331caabbb2425a2edaa9041cbe6331eb203455fe2d6f2e19a0839496806750d684e63327bb0634e914464634341c9ba43a8d2bdae2e0401cd7fea018cb6f16ee38662cf9002608394e627af8525de0cd25fb410ab9b2b482da123400891b72a21c52e29b369941117d06a419d5d4c682359f8515fe0c3db52010c5186e234046d13cbad6cd2c209b359a49c864076e2f17fe564df0ac1ad1065ae4f7b313c9995488e409ebf29ab2cb7723097545488ef6c397210763bd575b8c59166324b08034ca0e6f33973510c6e1a2db3667688dcc88260eda7f9a20cdcc3ec98311059b881bb8ab29f67875f296cdb60bdd8937d56752468482343572d70dc4a90d77100aaea40bf98c0d4810c771d2a0e1f7bf96a847ba3469dc49d3e556ecdf0ad2543290c1964895705584f23958c1e46988f461d1ee07395cc9b59e46a831cdb008bcf4593c55e38ac5ae4210b18cf310aa092de10a0d15f67ed5f055bb36ba1f21073893a983ac96d08d286e3f87761710a0665b872a3315ee8639486037689d741cfc06a71164db30aaa000144331d400019811c8c52f46e9c38eebad348c94891959b3845b80fb3f89c309b96ddb556192d35c3a4c890408d6a9624335cbf162e3fbaaf96db31b658368daf70f9f5f115bcc3e2ee3dab654e424295c87f085220aea20931067dd2743110605edd867275ed00ed0cce6801649ea001b50cafbcd65543a491d9070167b82f0516476b7099fc2a62566778d09a8b8963f724c53fda6e262cb323b6daa91f894fba47a7cc1ac463389b5d685077d075ac9bebe17a28045a78b71f956b1189cef3048076d751d0900c4f5e55a4c17b47658af6936bbc825b5524025a1c690013a98f75abcf6f710bd87c429f7726a2098607793d0891e15a35c3d9bd3794306b9de6657759277cc01cbbee2237adc690c96382179ff10f1202a4e41ea116f642f108ce0ebfc413f11fbfd2b677ef860a01892b2b1b4e863a8fdc579670abb7ad6858a80ccbae58ed4940041e721c4edad68f05ed0b8b83b48643dd68026095d47882011e20521240e06fbaa8a463d82ba2da2a87bfde80554907a163313d083e91e7325c904ea3c8c7c3ce858bccb7198c10c14868d1960c32f9f4e44114b8fbcf9494552ea26083df40358823bcbbf88ff4ea30c2e750c5158cd2b1b67aab972e75007c4fd29b2bb991e3597ff9eb73b687d6e7ff002a47e3ac7645f8b7ea4d3e7c365e83eeb9c3c4b4e7afd8ad5b5d23f111eb15dfc61db39f5d6b178ce34c563b333d548044e93ac7d69d86e3198c2ab2f325c9002f325a3281b6b599d0cc3a57d56cdd744ee0dff3b239c7ad83d9b190cac5972db92d9467fc2a75ee73e5239d65bda245764b642b676379bbd002b5bb682609ca0bcc131a534f1b5174aa670d2aeaee4110dab0ef30eec6900111034a278ae0c5d4ba5c400db44d1730544d72933204fe6e9d34a2746631ea4d6f8cd51b4eb380e1d946608e604b16d58f363a6e77aeaad18e1a0bd6a06ddc4dbe15d4b6e1fdc87e89b64369331e8055b4411103d04fccd36d5d0ba985e85b407c8e6049f08a6ffceecace40f78ef25422f949ef7a85a364523f80a1735bc9539b9d47a68df1e5f08a57b846ad0a391b842fc01327d01a0f89e30cd3900b4390b720ebfd73987a40aa02eeb2753d4999fbf1a659a071cbca5ddaa68c372b5b89b0e135b6ce0f29080f983afa15159be3d8066b097322da473a4061990491a124c49240313bd5cc67b5d717bb709199498091a3a9120b346cd331594e31ed1dcbba33c810275d6044ebb0f0e54018d6fa697a4834cd6549bcf175d0fd10ebcb948e66741f4ad5f06c63e490f71480c0c311aa12bac1ea281f05c0163dadce425479c004fc74a25872c1eea229d5d8801598c343180a0f523e34d451d1dc7b15c9f12d6095c1ace07dca838e638ab35c6b8c0e442482658a96026089fc3e1e06ae7b377af5d1fccca10946021480a73ea140019a55049fcc4f8d418b78b9681452323139adae6ccae4482cb208e9a693cf76fb2f89bc2f5d17ddcdb0858162d9572b2931c86848d3a561a8692c7168e2d0e8a500b43ce7fdf75a52da0404f795012482cd989273311cd576f1ebad42f06c5cb520be4b8d957701d9987283ee9e7caab62b1c1505c2fd9202077877dc0b7b22ff00a986d3b3893b567ed7b46c2e5b6b605ab6acb6f22cc9043052e7f1441d396bd6968f4ce73773be531a9d436b60f75b0c4e0fb6c305c802855610c4412641e7b49d4d3f8370a5b68a4924a82bd752c5889813ef0f952e3f082d616d221ccb732338624e5d345404f74f78ea3aef314ebb861d9836ef6555536d91738c8e44e57875241690676276e8d6f8cb0b7a5ddfb5253cb7870775aaa598c0e187f12ca7f10bb1bfbd99d7e9422d5ab858aa82753235d4f21e267978d54c57166cc2ee52acc43ca98039b28993b18d4f3af54f68700cf96eaca5d362db82a621f286cd1a026677d34a07cbe4d5f0709f8a464f1b1b477333f3ecb3582b0eb603329519cee003200520f310c8441f0a5ce3e3f7bd19f642e176c5d9747ba9760a82013699831cca7288526488fca341ad6087b44df9167ce3ce9dd1ea0d163b91f82b85e29a6f324f35a39fc85a0bb6c3bda0cb3df197fa4ead3f11f3a3586c035fba883bc32ce75e59a0eba73d34f2ac8f09e2af71e0c2802491bee23e535eb7ff000ef8765b66ebf7a06604ff00dbf2d7d68352e05d84c786c25b192ee9fc015ec7584c2d908b19a353d074079579bfb47ed0c4aaea7e9fde8f7b6dc5d9dd803a03bd798e3b1795b315cf3c898f2279d281bb8af54c234d0873bfa8e51cc4628e2b0f6c318bb64e50cdf8ad9fdb41fedf1aa58ac09b57eda5a7ef7661c960376404e9d21e0553c3f1574b19e01cd7db4d068141d34eadd29fc7f1ae2f295243f63607231366de61b751f2ada263585a0772bcd6b35534db9b80dae3dcf756719c32edf2158db3fd42640124f491be9543872de4616c8651984c318249009041898dc1e955578ade9ffd46f8c53f87e259efd9cda9ed1164c9d19873f5a6e76b482e1ca4b4b2c910da68856b8d714efdfb47295375f4209324988d74a2bc2f166edb9306e2c07d41991dd7f33cfc41eb596c71cd76e1eaedf53567865deca6e89304295fcc867383d36041d60814bba2b8c77c57fa4d4738b0280ef5d57ab705c5e7b6b6c9d88cbe662575e44ede3e04d5e4b85449905089e4609fbf8565b85b0681badc41122342a0831eadf0a32335eb2b70cf68d6ca5d8dcc1cbdaf59cd018ff583d6106b8b3e1312c41d9eaab71ce1f13750777343a8fc2db820724691e00923a5073456cf1170331820a5b6756d880d92f03fed23c8c1e540f8d627b1b9aa9369cb6471bf71b2ba3031de56d3a1055868c2bb5a3d5870dafe7a7baf3badf0e783bd831d7d94f14c6134cb57c32865d41fbf8d3c35746c2e4d16955b1383b770e6740c600923900001f01536097b13368043fd3a4f9c6a69e4d21a1d8decb5f3a4ee7f757ffe7777aaff00d9fb5750faeac7f4b17f68fd969fac9ffb8fee873b4924eac772d249f363ad267eba01f62a26e5fafde9cb5a5b5e1f1f9feff0ac78e174f9e53bb6fbfd75f0fa5482e91eedbed09eae5401e40663f114c551cb407ef6a9947c3f4a85b6898f0c3740fcacc716c6bdcb85ee30763941cbb0550155549e41401e837a8f0f7eda9936cb1fea7d3e017f7ad55ab0bc940d758007d29e140130069e1ceb36c0d09a7ebe470a271fb20f6f8d5c3ee5a13ead477d997c45d5bd6c9369b2860dde4eea6667f13a0063c29b9875d35abfc2b13d9b31812d6d9013cb30827ce247ad1491ee690b1866daf06950e3dc15b10c97172a0099482649ca4c36c249064f8935170fe0c30e59fb456728ea1480012c2008275d63cebb8d43417baf6d76040683cc83ac020b449df4e941ecdfb08e022bb30610cc5540fea19099037d7d685ad688c81eeb671717d93db850e270988bcf9ee0249e64811e1be9e5566c704655ef193995b2aff486d89e7deda3954583b388b9af684468412575d3901e3560707bcc467707fd4cc7f4a2f2c38709774a41cb82d6f19c4dc0708b91f206b31702ab2062abde7d411974307421743576fe3839250b1107b50b94a348196e01249044191c86e0e85f6388d96b2a9918dcb688149d8b29b60ec731f7676e5e34231b7516f27f0fbb900a00443b1128040952498f1e5b5731d0bf6eddb901759ba88c9043851f7585e0fc35b137ec58b7bdd2127f2aeb99bc95416f4af40e27c5eeb621d6c0cca47648bbf228a57c7bd3e3a5676c59fe08b229fe7414761b5b9f7910f5e45be947bd95bb72ca9be8b6daeffedf693006b2742209d8372d74d643f2f86c8f634d5fb2e59d688dd60d0e2d1f65fe04debcc7b96ec39680155eebb94b50a2466c96c83249979e75e28a6bd0fdade25731496ac2dc5cb6c4dc69d6ede882f11a28831589e2181ec8805d589fcbcbcc72fed594503e3b2ee56ce99b21f4a2becb02732fff0070aa7cc1f4d483e95ef161c5bc2000fbdf415f3e701b87f88b02600b8bb13af7b9fcbe15ef7da03870235ac67b0e5d8f0f687477ff0060bcdf8eb963a6e588f53007d6bce71370b1cd3d7e1263e515e8dc4895b80c68a737fd254c7c01ac6e2702170b8702d9ed4e767683257330411c84293e39850e9f94ef8f070dbdaad55c4e986b7e372f1f82da156fdac3ff009ab83f2e55ff00a542fe952bf08baf66ca85833727369198a81237e544f8bf050f88beef70006f3c011b663b93cfd2988e32e703f3f95e6e5998d6f3dbf0b2c127a510e0080e22c7ff00b14ffd267f4a316384d95e4cfe727e94430ea89ee20044ecbb488de0536e85ce69039a5cf76ada0e015886b72491aebf5ab9670d7b21516de3533eef28e6351bed5a75b6e0019980023409fb9a438724ea5ceb3de7ca0f9851aff6ab307a6941aca38a5638217176eda60400e5ac1de72121adc093de492047bcb1bb519bf756ca5e6578282f6a06c1ed336d1a8913d34acf9c300ecea02b662d9a5b724999e5aebe146b19c522c5cbf6d4e70881826856e075591034565b848ff4b8d96b9f2e93606b875a07e57474fab125b49c8b3f455b077d6fa08d339b96d86d97b64cfa09982cb23c180dc1a0fed6333a5a3b0766b90748cd6b0fd7fab3fc6aefb3fc4c5dbea1acb586628b9941c8ed98650f6e14021a086481a195209a7715c40636c0823b3241041050dcb810cf5c8a84f49d6ae2876ea00e9c85734dff00013d7aa0bc1332f74b2e53b09933e43ad18aaa97729f0e7e07af97f9eb5608aec3302979d9edcedc9d35d4d9ae068ed634bb2d7574f85754510c53a6bb1dfeff006ae0d1fe76a6ab46ff00e69fdaf873f979e9aed4a52eb5da950799ae57ff003a7df5a8e4f4e7b47d69faf43e7f7f7af955aa4e07c3e94f03afa6fafea6996873e9d3f734e1a72d7d34fed51584f035307e46ace171190ab00a581913a89d60efa807e95555c99e87ee7a0f2ae56dfa0d7531f7b7caae94b20a938cf789200bd2cc751004ee7bda93e142035d524f62a176d37f03209a2a4f41cb90e83e9fb5731dcefae9d67c3e342d650a56e9ac9242a980b97114036c749cd1f11075e757d49f19e8395346a3efef7fd29ccbb74fbdc7ad6a0525deedc9f65e2794820c1e47978f206a4e1b716dddb77320195b368069e5d22a12bf677fee6915f9fdff009ab157680977745fff000a87b86e230bcac4b68cba49987430d3f2f3a15ed9f154b16d2c209724b5d2ac3ddd96da91b0de4fc2a0c4d866d56e35b3f23e877f3a018ce0778b1627b433a9983f3ad259de59b5bfcff6b48636176e79e3a155aef1ab8c32a908a360a234e93bd545049e649f8927f5a276380dc3be55037933a7a51be1dc3d6d6dab736235f21d052618e7729b7cd1b07a50ee0dc2583adc795ca4301cc90644f41a79d7b5704b66e5b3ac2c6ac74039c4d7999d7e1aeb1e1f0ad3b717ed4c100595d2dd91a28000d5c7e23e7a527af616ed2d1decaebf81cef94ba2b16688fa735dd4d8ac3610dc086e976670bfcb0214b18d58833bf8564f12dfceba00d14e500468a92aa3d0281e95b4b4cb99088f797402398d8579e7b417deddf754fc4ce7d4dc783f00293d2bfcb96ce576fc4b4926a212c0ecd75f9f6f844ee480a4cf33e6093fb7dc533eff00cd5df63b0ed7eee5bc6610e4076194cedea4fc6b3dedae31ed626ed94395548f774dd413ad7561d48bdb5dcfee5795d67833e3607170bc0acf6e514b8e1756207292607ceab3f11b63f1afa19fa5638dc27733e74fb56998c282c7a004d31e69e8120348d0325698f1bb33198f98048fdea37f68124654312249d204ea63526842707bc7f047995fdea6b3c0ee1241858e64ccfc3f5aa2e79c2a10c0d377f751e3b8d5c7d07707f4eff1abdc1f14e70f7c2a9770f6547fa58b34790ec7e94fb3ecf2eeec4f82889f5a26982b56ace80297ba3de6fc8b0373bff38edd681cd762cf50b664d10b0c1d0f450701b98837ed96b6aaaa4b93a4f7016fcdfd342ae622f2ba0bba1caa149da40f76768331ce3435a3c0e345b2e5cce5b375a60fe5c9e532e2845fe3d658430cc3a15fd2acb5be613bb80168d717463d3cda27c2d9725dba54365501430919dd80d473851734ea29030ca0e5092d9572e6d6049dc9d448d8f3f0aaf85c6db6c3cac8376f1d0f3ec51648ff00fb7caa7c5593d9da5d350cfd356680741d114d03492edc3bd7d005848c0d696bbb5fd495d35d4c5103522799a566a7015cc2da5d27ad75375aeab5295014a1befefef5a6cf4fbfbfbdebb374e7f2d2975d04f468f8f87cbef953c0f4ea7c7cbef9543a69f7f7e75c4feda5452d580d3e1f1dbf6fda953980353e9e3ebcbfb5456ee09e5f007e1529b9d76e9cc8fdaa2b053ced220f4db4f3f01aed4e0d3b199f1e62a33f7e9f73bd3c69b7972dbefad5d2a2e52337a79fccc7defca914ccc7e83cbfcf9d348310249327acf87c052922773d0fd263ef6e556809b4f583e1e5e9f1fed4e1bf411e7ac78544cfd741a0e63d3e7cfc69e7a0fa72eb1cfad1215de1ebf5db4a591f7d078d309e4053d56224f3ab549d9bee7fc785230f0e7f53bfeb4d2df7e1e07d69419d4f8c44f5a8853c2c989f41afded5c644f3f3f0dfefc298341a7ebcfc7cabb369515109f9677d76ebbf3d3ef4abb6ef04466e61906fca2e73f413e9552db77b4f4f5a6107613a6ff1d3e1b50cb18919b4ad74fa87c12b6461a23845784f11cd7524fe35d3d450ec4e1062315700032a5c20b48f1d075333e5352616c8372d1d27b4488d3661f28aa17b8a8b57aea10045db8635132c4e6cdf62b8b3699d0c9e9ce17bdf0ff168b5f45fe970147b13ecb6a71d87c1da67186ca15756ccc58f419a7998f0af34c3dd4c4debf76ffbce095027de3a08eb1a7d8a25c6388f6d659173c92204860608dc8aca59be6d377811d41d28f4c0178de6967e2addada60bebd510c3e1ad2106eb341d9429d40de4f4f2ad42da0a005000f011bf2a83875ab78ab6b657283032a398ef1e76ee81dd24ec1865e557db81e32c697ed9743245c512400622e28d576f7b51e34fb256b1fb495e5b55a773dbbda31d94456ba3a75a7adb24315121624804800ed27cea20fcfe14d820ae31691ca71fbfbdf957163e9fa9a46d7e9ad349fb1f1a8a29fb35366fe78ca515378d59d4efd610d63b15c2594f725d4ec4098f031f5ad5373f8eb4d6accc40924a623d4160002cff0010e1f77261eda0f72d966d4407b971d8827a85ecc7a5145b8e18265cd6d52da86040f71141241d75209f5ab8176fd37f5a6651e3bfd22819a70c360f7fba39358e78a2074fb28cb37e588ea63e934a4d3f2fded51b4edb56c96bb4e83f62ba99987dc5754b554a809d26943fdebbd310ccfdf5fef4e9f9d649d3d9397e3e1bd29223a1fbfbf8d306e7c3efeb34e72660f5a8a8a7293d396f4f56ebb7d77d3ca6a20dbf818f9d3c9dbc7e956ab84f2da7effe3ac53edb4e9e3bfc7c3c7ad440f21a46b4eb6b3a6c20fac1833e262a2be8a5cdf84721d7978d295d0f88fbf4fa78d77207af8733d7ad36e13af5dfe67fbfc68902955869ac4fefa1fef4e6209de79e9e5afae9509b9dd07593cfc23e54eb0dbe9f1fd3efe951511595206d7c7e820edf7f5a427a0d073fd4d703a69d481af99fd29971e07df2ab54429018d7cfe54ac67d3d0cf97dfa5215d639fca9acd027e5e3eb56879524edd3ebbcebe74a77397d07dfad728239ec47f6fbf0f3a606d09e7bfc634f0a8a10a527d349814e276e93cbe5fbd354ea07eb1a45207d27efad5a02159c3dc0195bf291f2236f1d0d0fe3786eddde55633315696cc01248e5a729126ad31f87f6f9695107f3fa6bfa73a074609dc7e11b2473450ee803fb3f714772e027a6d1e533e3d36a9f0789c6d8d14661d0e561f5d3e547d541307a4f5d601fd77a85f91fbdab27e9a37744f43e29a98ce0acc719c6dc76576b0b69c1dc2406fbf0ad57b35ed0e2fb1097b35eb7ba38ba6ddeb7cce4ba352240eebc8d20e9a535ad03a1f01fe473de9931cba081a01e543fa46f5e113fc5257fa8a35c63116ee585373197e41256db5bb48d9ced9d93baff00ead6003e444db1a0933bc131524ea17a8fda299fa6b5b4718661233cfe6d1212cf8f5f8f4d69c47d9a66415c5bf7ad92eba3d3d3e629b71b4903ef97a539751f3a8dae7de942a2e07f4a53e715d1bf86bfa54713126a2949cdf734c63d29fd3ef7d29b70789f4fbf0a8541ca6c9f0aea4cfe74b54ad7ffd9, 'Sports Ground', 1000, 'Tuen Mun, Hong Kong', 'recreational venue', 'Eunice', 'Close'),
(10002, 'Sha Tin', '', 'Room', 10, 'Sha Tin, Hong Kong', '1', 'Eunice', 'Close'),
(10003, 'Tsing Yi', NULL, 'Hall', 2000, 'Tsing Yi, Hong Kong', 'Big', 'Eunice', 'Open'),
(10004, 'Lee Wai Lee', NULL, '12', 133, 'Lee Wai Lee, Hong Kong', 'Bar ', 'Eunice', 'Open'),
(10005, 'Chai Wan', NULL, 'Room', 4000, 'Chai Wan, Hong Kong', 'HK', 'Eunice', 'Open');

--
-- Indexes for dumped tables
--

--
-- Indexes for table `booking`
--
ALTER TABLE `booking`
  ADD PRIMARY KEY (`BkingID`),
  ADD KEY `mk` (`MemberID`);

--
-- Indexes for table `bookingFee`
--
ALTER TABLE `bookingFee`
  ADD PRIMARY KEY (`FeeID`),
  ADD KEY `vID_fk` (`VenueID`);

--
-- Indexes for table `guest`
--
ALTER TABLE `guest`
  ADD PRIMARY KEY (`GuestID`),
  ADD KEY `booking_fk` (`BkingID`);

--
-- Indexes for table `management`
--
ALTER TABLE `management`
  ADD PRIMARY KEY (`MID`),
  ADD UNIQUE KEY `role` (`role`),
  ADD UNIQUE KEY `MID` (`MID`);

--
-- Indexes for table `user`
--
ALTER TABLE `user`
  ADD PRIMARY KEY (`UID`),
  ADD UNIQUE KEY `PhoneNum` (`PhoneNum`),
  ADD KEY `roleR` (`role`);

--
-- Indexes for table `venue`
--
ALTER TABLE `venue`
  ADD PRIMARY KEY (`VenueID`);

--
-- AUTO_INCREMENT for dumped tables
--

--
-- AUTO_INCREMENT for table `booking`
--
ALTER TABLE `booking`
  MODIFY `BkingID` int(11) NOT NULL AUTO_INCREMENT;

--
-- AUTO_INCREMENT for table `bookingFee`
--
ALTER TABLE `bookingFee`
  MODIFY `FeeID` int(5) NOT NULL AUTO_INCREMENT, AUTO_INCREMENT=10008;

--
-- AUTO_INCREMENT for table `guest`
--
ALTER TABLE `guest`
  MODIFY `GuestID` int(5) NOT NULL AUTO_INCREMENT;

--
-- AUTO_INCREMENT for table `user`
--
ALTER TABLE `user`
  MODIFY `UID` int(30) NOT NULL AUTO_INCREMENT, AUTO_INCREMENT=3131;

--
-- AUTO_INCREMENT for table `venue`
--
ALTER TABLE `venue`
  MODIFY `VenueID` int(5) NOT NULL AUTO_INCREMENT, AUTO_INCREMENT=10009;

--
-- Constraints for dumped tables
--

--
-- Constraints for table `booking`
--
ALTER TABLE `booking`
  ADD CONSTRAINT `mk` FOREIGN KEY (`MemberID`) REFERENCES `user` (`UID`);

--
-- Constraints for table `bookingFee`
--
ALTER TABLE `bookingFee`
  ADD CONSTRAINT `vID_fk` FOREIGN KEY (`VenueID`) REFERENCES `venue` (`VenueID`);

--
-- Constraints for table `guest`
--
ALTER TABLE `guest`
  ADD CONSTRAINT `booking_fk` FOREIGN KEY (`BkingID`) REFERENCES `booking` (`BkingID`);

--
-- Constraints for table `user`
--
ALTER TABLE `user`
  ADD CONSTRAINT `roleR` FOREIGN KEY (`role`) REFERENCES `management` (`role`);
COMMIT;

/*!40101 SET CHARACTER_SET_CLIENT=@OLD_CHARACTER_SET_CLIENT */;
/*!40101 SET CHARACTER_SET_RESULTS=@OLD_CHARACTER_SET_RESULTS */;
/*!40101 SET COLLATION_CONNECTION=@OLD_COLLATION_CONNECTION */;
